{
  "students": [
    {
      "fullName": "alireza",
      "email": "Example@gmail.com",
      "gender": "male",
      "rank": "5",
      "comment": "  لورم ایپسوم متن ساختگی با تولید سادگی نامفهوم از صنعت لورم ایپسوم متن ساختگی با تولید سادگی نامفهوم از صنعت لورم ایپسوم متن ساختگی با تولید سادگی نامفهوم از صنعت لورم ایپسوم متن ساختگی با تولید سادگی نامفهوم از صنعت ",
      "id": 1
    },
    {
      "fullName": "amirReza",
      "email": "Example@gmail.com",
      "gender": "male",
      "rank": "4",
      "comment": "  لورم ایپسوم متن ساختگی با تولید سادگی نامفهوم از صنعت لورم ایپسوم متن ساختگی با تولید سادگی نامفهوم از صنعت لورم ایپسوم متن ساختگی با تولید سادگی نامفهوم از صنعت لورم ایپسوم متن ساختگی با تولید سادگی نامفهوم از صنعت ",
      "id": 2
    },
    {
      "fullName": "Neda",
      "email": "Example@gmail.com",
      "gender": "male",
      "rank": "5",
      "comment": "  لورم ایپسوم متن ساختگی با تولید سادگی نامفهوم از صنعت لورم ایپسوم متن ساختگی با تولید سادگی نامفهوم از صنعت لورم ایپسوم متن ساختگی با تولید سادگی نامفهوم از صنعت لورم ایپسوم متن ساختگی با تولید سادگی نامفهوم از صنعت ",
      "id": 3
    },
    {
      "fullName": "Mohsen",
      "email": "Example@gmail.com",
      "gender": "male",
      "rank": "4",
      "comment": "  لورم ایپسوم متن ساختگی با تولید سادگی نامفهوم از صنعت لورم ایپسوم متن ساختگی با تولید سادگی نامفهوم از صنعت لورم ایپسوم متن ساختگی با تولید سادگی نامفهوم از صنعت لورم ایپسوم متن ساختگی با تولید سادگی نامفهوم از صنعت ",
      "id": 4
    },
    {
      "fullName": "آیین",
      "email": "Example@gmail.com",
      "gender": "male",
      "rank": "5",
      "comment": "  لورم ایپسوم متن ساختگی با تولید سادگی نامفهوم از صنعت لورم ایپسوم متن ساختگی با تولید سادگی نامفهوم از صنعت لورم ایپسوم متن ساختگی با تولید سادگی نامفهوم از صنعت لورم ایپسوم متن ساختگی با تولید سادگی نامفهوم از صنعت ",
      "id": 5
    },
    {
      "fullName": "amirReza",
      "email": "Example@gmail.com",
      "gender": "male",
      "rank": "5",
      "comment": "  لورم ایپسوم متن ساختگی با تولید سادگی نامفهوم از صنعت لورم ایپسوم متن ساختگی با تولید سادگی نامفهوم از صنعت لورم ایپسوم متن ساختگی با تولید سادگی نامفهوم از صنعت لورم ایپسوم متن ساختگی با تولید سادگی نامفهوم از صنعت ",
      "id": 6
    },
    {
      "fullName": "ghgjgh",
      "email": "Alireza.anvari.61@Gmail.Com",
      "rank": "4",
      "gender": "feMale",
      "comment": "gjghjghjgh",
      "id": 7
    },
    {
      "fullName": "x",
      "email": "Alireza.anvari.61@Gmail.Com",
      "rank": "4",
      "gender": "Male",
      "comment": "klgdfkgjmndfklgnkl",
      "id": 8
    }
  ],
  "contacts": [
    {
      "fullName": "aaa",
      "email": "Alireza.anvari.61@Gmail.Com",
      "comment": "aaaa",
      "id": 1
    }
  ]
}